{
  "rqf": {
    "values": [
      -5.198048553765982,
      -2.3052662087198486,
      -0.5496840391103507,
      0.21653548420276056,
      0.460498461419423,
      0.54157526692086,
      0.5706844820586215,
      0.5839462960947182
    ],
    "cdf": [
      0.125,
      0.25,
      0.375,
      0.5,
      0.625,
      0.75,
      0.875,
      1.0
    ],
    "snr_levels": [
      -5,
      0,
      5,
      10,
      15,
      20,
      25,
      30
    ],
    "rqf_raw": [
      -5.198048553765982,
      -2.3052662087198486,
      -0.5496840391103507,
      0.21653548420276056,
      0.460498461419423,
      0.54157526692086,
      0.5706844820586215,
      0.5839462960947182
    ]
  },
  "detection_rate": {
    "values": [
      0.4033333333333334,
      0.4533333333333334,
      0.6499999999999999,
      0.7133333333333336,
      0.7200000000000002,
      0.7200000000000003,
      0.7233333333333334,
      0.7333333333333336
    ],
    "cdf": [
      0.125,
      0.25,
      0.375,
      0.5,
      0.625,
      0.75,
      0.875,
      1.0
    ],
    "snr_levels": [
      -5,
      0,
      5,
      10,
      15,
      20,
      25,
      30
    ],
    "detection_rate_raw": [
      0.4033333333333334,
      0.4533333333333334,
      0.6499999999999999,
      0.7200000000000003,
      0.7233333333333334,
      0.7133333333333336,
      0.7333333333333336,
      0.7200000000000002
    ]
  },
  "summary": {
    "snr_range": [
      -5,
      30
    ],
    "rqf_range": [
      -5.198048553765982,
      0.5839462960947182
    ],
    "detection_rate_range": [
      0.4033333333333334,
      0.7333333333333336
    ]
  }
}