{
  "-5": {
    "rqf_mean": -0.10716484030092557,
    "rqf_std": 0.12946984328251057,
    "detection_rate_mean": 1.0,
    "detection_rate_std": 0.0,
    "n_simulations": 20
  },
  "0": {
    "rqf_mean": 0.18139903556646075,
    "rqf_std": 0.13991875790460084,
    "detection_rate_mean": 1.0,
    "detection_rate_std": 0.0,
    "n_simulations": 20
  },
  "10": {
    "rqf_mean": 0.39765204442855884,
    "rqf_std": 0.02563178318443081,
    "detection_rate_mean": 1.0,
    "detection_rate_std": 0.0,
    "n_simulations": 20
  },
  "20": {
    "rqf_mean": 0.4348978194795561,
    "rqf_std": 0.013052048095306037,
    "detection_rate_mean": 0.33333333333333326,
    "detection_rate_std": 5.551115123125783e-17,
    "n_simulations": 20
  },
  "30": {
    "rqf_mean": 0.44430849583720844,
    "rqf_std": 0.017572711357706484,
    "detection_rate_mean": 0.33333333333333326,
    "detection_rate_std": 5.551115123125783e-17,
    "n_simulations": 20
  }
}