{
  "5": {
    "rqf_mean": 6.4982508159691035,
    "rqf_std": 0.35694854133609233,
    "detection_rate_mean": 1.0,
    "detection_rate_std": 0.0,
    "n_simulations": 100
  },
  "10": {
    "rqf_mean": 7.796551704812727,
    "rqf_std": 0.08965979680925695,
    "detection_rate_mean": 1.0,
    "detection_rate_std": 0.0,
    "n_simulations": 100
  },
  "15": {
    "rqf_mean": 8.263358598477792,
    "rqf_std": 0.045469237177501134,
    "detection_rate_mean": 1.0,
    "detection_rate_std": 0.0,
    "n_simulations": 100
  },
  "20": {
    "rqf_mean": 8.427792906914348,
    "rqf_std": 0.028524833035229697,
    "detection_rate_mean": 1.0,
    "detection_rate_std": 0.0,
    "n_simulations": 100
  },
  "25": {
    "rqf_mean": 8.486572598315798,
    "rqf_std": 0.017999677854152168,
    "detection_rate_mean": 1.0,
    "detection_rate_std": 0.0,
    "n_simulations": 100
  },
  "30": {
    "rqf_mean": 8.50625922383462,
    "rqf_std": 0.00677612823309734,
    "detection_rate_mean": 1.0,
    "detection_rate_std": 0.0,
    "n_simulations": 100
  }
}