{
  "-5": {
    "rqf_mean": -0.006108558689982025,
    "rqf_std": 0.06102406917745037,
    "detection_rate_mean": 1.0,
    "detection_rate_std": 0.0,
    "n_simulations": 50
  },
  "0": {
    "rqf_mean": 0.10932636314641613,
    "rqf_std": 0.020924600838220446,
    "detection_rate_mean": 1.0,
    "detection_rate_std": 0.0,
    "n_simulations": 50
  },
  "5": {
    "rqf_mean": 0.1540328319164509,
    "rqf_std": 0.015506687653804824,
    "detection_rate_mean": 1.0,
    "detection_rate_std": 0.0,
    "n_simulations": 50
  },
  "10": {
    "rqf_mean": 0.18012959439794837,
    "rqf_std": 0.013207660460520397,
    "detection_rate_mean": 1.0,
    "detection_rate_std": 0.0,
    "n_simulations": 50
  },
  "15": {
    "rqf_mean": 0.19419235046259778,
    "rqf_std": 0.005926810297605714,
    "detection_rate_mean": 1.0,
    "detection_rate_std": 0.0,
    "n_simulations": 50
  },
  "20": {
    "rqf_mean": 0.19892080637152784,
    "rqf_std": 0.002368290557124718,
    "detection_rate_mean": 0.34666666666666657,
    "detection_rate_std": 0.06531972647421809,
    "n_simulations": 50
  },
  "25": {
    "rqf_mean": 0.20043536522533578,
    "rqf_std": 0.00285997971981579,
    "detection_rate_mean": 0.33333333333333326,
    "detection_rate_std": 5.551115123125783e-17,
    "n_simulations": 50
  },
  "30": {
    "rqf_mean": 0.20132654476331702,
    "rqf_std": 0.0031215927335264794,
    "detection_rate_mean": 0.33333333333333326,
    "detection_rate_std": 5.551115123125783e-17,
    "n_simulations": 50
  }
}