{
  "-5": {
    "rqf_mean": -0.16263325207920074,
    "rqf_std": 0.03034961776445826,
    "detection_rate_mean": 1.0,
    "detection_rate_std": 0.0,
    "n_simulations": 100
  },
  "0": {
    "rqf_mean": -0.05299635491289669,
    "rqf_std": 0.00898468692880014,
    "detection_rate_mean": 1.0,
    "detection_rate_std": 0.0,
    "n_simulations": 100
  },
  "5": {
    "rqf_mean": -0.01599905384056993,
    "rqf_std": 0.003052407349041558,
    "detection_rate_mean": 1.0,
    "detection_rate_std": 0.0,
    "n_simulations": 100
  },
  "10": {
    "rqf_mean": -0.005292701939762219,
    "rqf_std": 0.0010779344042173282,
    "detection_rate_mean": 1.0,
    "detection_rate_std": 0.0,
    "n_simulations": 100
  },
  "15": {
    "rqf_mean": -0.8007480378412246,
    "rqf_std": 2.712711424860986,
    "detection_rate_mean": 0.7566666666666668,
    "detection_rate_std": 0.33284964907430636,
    "n_simulations": 100
  },
  "20": {
    "rqf_mean": -9.900001310883177,
    "rqf_std": 0.9949743939836907,
    "detection_rate_mean": 0.003333333333333333,
    "detection_rate_std": 0.033166247903554,
    "n_simulations": 100
  },
  "25": {
    "rqf_mean": -10.0,
    "rqf_std": 0.0,
    "detection_rate_mean": 0.0,
    "detection_rate_std": 0.0,
    "n_simulations": 100
  },
  "30": {
    "rqf_mean": -10.0,
    "rqf_std": 0.0,
    "detection_rate_mean": 0.0,
    "detection_rate_std": 0.0,
    "n_simulations": 100
  }
}