{
  "5": {
    "rqf_mean": 2.111740099191884,
    "rqf_std": 0.22726575714865843,
    "detection_rate": 1.0,
    "n_simulations": 50
  },
  "10": {
    "rqf_mean": 2.334302192025957,
    "rqf_std": 0.166903718088665,
    "detection_rate": 1.0,
    "n_simulations": 50
  },
  "15": {
    "rqf_mean": 2.4286924242559693,
    "rqf_std": 0.11654793252155977,
    "detection_rate": 1.0,
    "n_simulations": 50
  },
  "20": {
    "rqf_mean": 2.4845382516939067,
    "rqf_std": 0.08412784975658422,
    "detection_rate": 1.0,
    "n_simulations": 50
  },
  "25": {
    "rqf_mean": 2.4937940114422177,
    "rqf_std": 0.05685093723437542,
    "detection_rate": 1.0,
    "n_simulations": 50
  },
  "30": {
    "rqf_mean": 2.5017204756880886,
    "rqf_std": 0.05356224943962249,
    "detection_rate": 1.0,
    "n_simulations": 50
  }
}