{
  "5": {
    "rqf_mean": 7.282644711056113,
    "rqf_std": 0.46659091009690096,
    "detection_rate": 1.0,
    "n_simulations": 100
  },
  "10": {
    "rqf_mean": 16.814229900163415,
    "rqf_std": 0.5957825722358503,
    "detection_rate": 1.0,
    "n_simulations": 100
  },
  "15": {
    "rqf_mean": 22.949194601744423,
    "rqf_std": 0.5572587768347474,
    "detection_rate": 1.0,
    "n_simulations": 100
  },
  "20": {
    "rqf_mean": 26.401387865913115,
    "rqf_std": 0.5112138242252838,
    "detection_rate": 1.0,
    "n_simulations": 100
  },
  "25": {
    "rqf_mean": 28.42732357924683,
    "rqf_std": 0.38702828766967856,
    "detection_rate": 1.0,
    "n_simulations": 100
  },
  "30": {
    "rqf_mean": 29.167436855625038,
    "rqf_std": 0.25129504753611376,
    "detection_rate": 1.0,
    "n_simulations": 100
  }
}