{
  "complex_roundtrip_rqf": 140.8706817626953,
  "real_roundtrip_rqf": 139.13003540039062,
  "cola_compliant": false
}